<?xml version="1.0" encoding="utf-8" ?>
<dwsync>
<file name="glyphicons-halflings-regular.eot" server="comweb.uml.edu/../" local="130762245879485103" remote="130762839600000000" Dst="2" />
<file name="glyphicons-halflings-regular.svg" server="comweb.uml.edu/../" local="130762245879515109" remote="130762839600000000" Dst="2" />
<file name="glyphicons-halflings-regular.woff" server="comweb.uml.edu/../" local="130762245879605169" remote="130762839600000000" Dst="2" />
<file name="glyphicons-halflings-regular.ttf" server="comweb.uml.edu/../" local="130762245879575168" remote="130762839600000000" Dst="2" />
<file name="glyphicons-halflings-regular.eot" server="comweb.uml.edu:990/../" local="131234061528683891" remote="130762839600000000" Dst="1" />
<file name="glyphicons-halflings-regular.svg" server="comweb.uml.edu:990/../" local="131234061532024834" remote="130762839600000000" Dst="1" />
<file name="glyphicons-halflings-regular.ttf" server="comweb.uml.edu:990/../" local="131234061533814708" remote="130762839600000000" Dst="1" />
<file name="glyphicons-halflings-regular.woff" server="comweb.uml.edu:990/../" local="131234061534596891" remote="130762839600000000" Dst="1" />
</dwsync>