<?xml version="1.0" encoding="utf-8" ?>
<dwsync>
<file name="bootstrap-theme.css" server="comweb.uml.edu/../" local="130762245878834665" remote="130762839600000000" Dst="2" />
<file name="bootstrap-theme.min.css" server="comweb.uml.edu/../" local="130762245879034785" remote="130762839600000000" Dst="2" />
<file name="bootstrap-theme.css.map" server="comweb.uml.edu/../" local="130762245878884708" remote="130762839600000000" Dst="2" />
<file name="bootstrap.min.css" server="comweb.uml.edu/../" local="130762245879124849" remote="130762839600000000" Dst="2" />
<file name="bootstrap.css" server="comweb.uml.edu/../" local="130762245879064823" remote="130762839600000000" Dst="2" />
<file name="bootstrap.css.map" server="comweb.uml.edu/../" local="130762245879094839" remote="130762839600000000" Dst="2" />
<file name="bootstrap-theme.css" server="comweb.uml.edu:990/../" local="131234061518546418" remote="130762839600000000" Dst="1" />
<file name="bootstrap-theme.css.map" server="comweb.uml.edu:990/../" local="131234061519108030" remote="130762839600000000" Dst="1" />
<file name="bootstrap-theme.min.css" server="comweb.uml.edu:990/../" local="131234061520907915" remote="130762839600000000" Dst="1" />
<file name="bootstrap.css" server="comweb.uml.edu:990/../" local="131234061525164377" remote="130762839600000000" Dst="1" />
<file name="bootstrap.css.map" server="comweb.uml.edu:990/../" local="131234061525244591" remote="130762839600000000" Dst="1" />
<file name="bootstrap.min.css" server="comweb.uml.edu:990/../" local="131234061529345699" remote="130762839600000000" Dst="1" />
</dwsync>